person_name,real_label,predicted_label
MaxMun_c_0051345_rois_aal,2,2
KKI_0050804_rois_aal,1,1
UCLA_2_0051291_rois_aal,1,2
KKI_0050815_rois_aal,1,2
Pitt_0050047_rois_aal,2,2
UM_2_0050418_rois_aal,2,2
UM_1_0050316_rois_aal,1,1
UCLA_1_0051206_rois_aal,1,1
Pitt_0050022_rois_aal,1,1
Trinity_0050249_rois_aal,1,2
Olin_0050112_rois_aal,2,1
UM_1_0050338_rois_aal,2,2
NYU_0051050_rois_aal,2,1
UCLA_1_0051279_rois_aal,2,1
NYU_0051009_rois_aal,1,1
Olin_0050129_rois_aal,1,2
SBL_0051582_rois_aal,1,1
UCLA_1_0051273_rois_aal,2,1
Olin_0050124_rois_aal,1,2
UM_1_0050274_rois_aal,1,1
USM_0050449_rois_aal,2,2
Yale_0050616_rois_aal,1,2
CMU_a_0050663_rois_aal,2,2
Stanford_0051178_rois_aal,1,1
Stanford_0051160_rois_aal,1,1
USM_0050482_rois_aal,1,2
UM_1_0050313_rois_aal,1,2
UCLA_1_0051263_rois_aal,2,2
Olin_0050113_rois_aal,2,1
Pitt_0050003_rois_aal,1,1
USM_0050485_rois_aal,1,2
UM_1_0050356_rois_aal,2,2
USM_0050441_rois_aal,2,2
UCLA_2_0051303_rois_aal,2,1
MaxMun_d_0051350_rois_aal,1,2
UCLA_1_0051212_rois_aal,1,2
UM_1_0050368_rois_aal,2,2
NYU_0050961_rois_aal,1,1
KKI_0050799_rois_aal,1,1
Yale_0050609_rois_aal,1,2
NYU_0051049_rois_aal,2,2
Pitt_0050038_rois_aal,2,2
USM_0050489_rois_aal,1,1
Yale_0050602_rois_aal,1,1
Trinity_0051142_rois_aal,2,1
MaxMun_d_0051360_rois_aal,2,2
SDSU_0050208_rois_aal,2,1
Yale_0050606_rois_aal,1,2
Olin_0050110_rois_aal,2,1
NYU_0051002_rois_aal,1,2
Stanford_0051194_rois_aal,2,2
KKI_0050795_rois_aal,1,2
NYU_0051131_rois_aal,2,2
Olin_0050126_rois_aal,1,2
Stanford_0051195_rois_aal,2,1
SDSU_0050217_rois_aal,2,2
KKI_0050785_rois_aal,2,1
SDSU_0050215_rois_aal,2,1
NYU_0051011_rois_aal,1,1
NYU_0050954_rois_aal,1,1
KKI_0050822_rois_aal,2,2
NYU_0051021_rois_aal,1,1
NYU_0050952_rois_aal,1,2
MaxMun_a_0051365_rois_aal,2,1
MaxMun_d_0051329_rois_aal,1,2
USM_0050515_rois_aal,1,2
UM_1_0050306_rois_aal,1,2
UCLA_1_0051256_rois_aal,2,2
UCLA_1_0051252_rois_aal,2,2
Trinity_0050236_rois_aal,1,1
UCLA_1_0051250_rois_aal,2,2
KKI_0050791_rois_aal,1,1
UCLA_1_0051282_rois_aal,2,2
NYU_0051034_rois_aal,1,2
Leuven_2_0050732_rois_aal,2,2
USM_0050468_rois_aal,2,2
KKI_0050774_rois_aal,2,2
UM_2_0050404_rois_aal,1,1
UM_1_0050295_rois_aal,1,2
MaxMun_c_0051342_rois_aal,2,1
USM_0050480_rois_aal,1,2
Trinity_0050235_rois_aal,1,2
NYU_0051153_rois_aal,2,2
Leuven_1_0050708_rois_aal,1,2
NYU_0051118_rois_aal,2,1
USM_0050455_rois_aal,2,2
Caltech_0051463_rois_aal,1,1
NYU_0051065_rois_aal,2,1
SDSU_0050202_rois_aal,2,1
NYU_0051016_rois_aal,1,2
NYU_0050967_rois_aal,1,2
UCLA_1_0051204_rois_aal,1,1
UM_1_0050287_rois_aal,1,2
SDSU_0050199_rois_aal,2,2
Leuven_2_0050755_rois_aal,1,2
KKI_0050778_rois_aal,2,2
UM_2_0050386_rois_aal,2,2
USM_0050470_rois_aal,2,2
Stanford_0051177_rois_aal,1,1
Stanford_0051199_rois_aal,2,2
UM_1_0050339_rois_aal,2,2
Pitt_0050027_rois_aal,1,1
UM_1_0050377_rois_aal,2,2
Stanford_0051181_rois_aal,2,2
UM_1_0050349_rois_aal,2,2
USM_0050442_rois_aal,2,2
SBL_0051567_rois_aal,2,1
Leuven_2_0050740_rois_aal,2,2
Leuven_2_0050741_rois_aal,2,2
USM_0050440_rois_aal,2,1
KKI_0050781_rois_aal,2,2
UCLA_1_0051209_rois_aal,1,1
Yale_0050559_rois_aal,2,2
KKI_0050790_rois_aal,2,2
NYU_0051020_rois_aal,1,2
Yale_0050618_rois_aal,1,2
UM_2_0050407_rois_aal,1,2
Yale_0050607_rois_aal,1,2
Trinity_0050269_rois_aal,2,1
CMU_a_0050653_rois_aal,1,1
UCLA_1_0051226_rois_aal,1,1
NYU_0051073_rois_aal,2,2
USM_0050443_rois_aal,2,2
Stanford_0051198_rois_aal,2,2
Olin_0050104_rois_aal,2,1
UM_2_0050385_rois_aal,2,2
NYU_0051085_rois_aal,2,2
NYU_0051059_rois_aal,2,2
KKI_0050800_rois_aal,1,2
Stanford_0051180_rois_aal,2,2
Leuven_2_0050727_rois_aal,2,1
KKI_0050789_rois_aal,2,2
UM_1_0050284_rois_aal,1,2
CMU_a_0050665_rois_aal,2,2
NYU_0050981_rois_aal,1,2
NYU_0051116_rois_aal,2,1
UCLA_1_0051228_rois_aal,1,1
Yale_0050604_rois_aal,1,2
Yale_0050611_rois_aal,1,2
Yale_0050601_rois_aal,1,2
Trinity_0051133_rois_aal,2,2
KKI_0050775_rois_aal,2,2
Pitt_0050009_rois_aal,1,1
UCLA_1_0051216_rois_aal,1,1
MaxMun_d_0051358_rois_aal,2,2
KKI_0050820_rois_aal,2,2
UM_1_0050376_rois_aal,2,1
Pitt_0050030_rois_aal,2,1
Yale_0050603_rois_aal,1,2
Leuven_2_0050749_rois_aal,1,1
Pitt_0050010_rois_aal,1,1
USM_0050530_rois_aal,1,1
UM_2_0050414_rois_aal,2,2
NYU_0051048_rois_aal,2,2
NYU_0051029_rois_aal,1,2
Stanford_0051197_rois_aal,2,1
Pitt_0050026_rois_aal,1,1
CMU_b_0050650_rois_aal,1,2
Yale_0050568_rois_aal,2,2
UM_1_0050308_rois_aal,1,1
UM_2_0050428_rois_aal,2,2
UM_2_0050406_rois_aal,1,2
UM_1_0050314_rois_aal,1,2
NYU_0051079_rois_aal,2,2
Stanford_0051187_rois_aal,2,2
USM_0050490_rois_aal,1,2
UM_1_0050370_rois_aal,2,2
Olin_0050135_rois_aal,1,2
Yale_0050605_rois_aal,1,1
USM_0050467_rois_aal,2,2
UCLA_1_0051213_rois_aal,1,1
UCLA_2_0051313_rois_aal,2,1
Olin_0050133_rois_aal,1,1
SDSU_0050185_rois_aal,1,2
Olin_0050114_rois_aal,2,2
Leuven_2_0050722_rois_aal,2,2
OHSU_0050161_rois_aal,2,1
NYU_0051106_rois_aal,2,2
Pitt_0050005_rois_aal,1,2
NYU_0051066_rois_aal,2,1
NYU_0051044_rois_aal,2,1
UM_1_0050358_rois_aal,2,2
Yale_0050623_rois_aal,1,2
UM_1_0050344_rois_aal,2,2
Caltech_0051459_rois_aal,1,1
KKI_0050823_rois_aal,1,1
NYU_0050965_rois_aal,1,1
UCLA_1_0051225_rois_aal,1,1
Olin_0050102_rois_aal,2,1
Yale_0050569_rois_aal,2,2
OHSU_0050164_rois_aal,2,1
UCLA_2_0051299_rois_aal,1,2
