first,second,correlation
0,60,0.673
1,61,0.614
2,6,0.620
4,6,0.703
4,8,0.722
4,15,0.634
6,33,0.646
6,96,-0.608
7,9,0.679
7,27,-0.650
7,50,-0.641
8,15,0.699
10,12,0.651
11,13,0.680
12,60,0.607
13,61,0.718
13,65,0.640
16,17,0.791
16,28,0.647
16,62,0.722
16,63,0.644
16,78,0.670
16,80,0.706
16,81,0.735
17,28,0.639
17,62,0.654
17,63,0.702
18,32,0.645
22,24,0.698
22,27,0.757
22,64,0.665
22,84,0.685
22,88,0.670
24,25,0.806
24,27,0.726
27,29,-0.605
28,29,0.698
28,62,0.711
28,72,0.676
28,83,0.706
29,72,0.712
29,73,0.625
29,75,0.615
29,110,-0.638
30,31,0.751
32,90,-0.643
33,35,0.670
33,42,-0.708
33,43,-0.641
33,46,-0.691
33,47,-0.735
33,48,-0.659
33,50,-0.608
33,51,-0.654
33,76,0.624
33,77,0.622
33,90,-0.609
33,96,-0.661
36,37,0.664
42,43,0.852
42,45,0.602
42,46,0.806
42,47,0.722
42,48,0.617
42,50,0.654
42,76,-0.636
42,77,-0.665
42,96,0.750
43,44,0.627
43,45,0.765
43,46,0.673
43,47,0.675
43,49,0.679
43,51,0.644
43,76,-0.669
43,96,0.726
44,45,0.861
44,49,0.618
44,66,0.632
44,67,0.742
45,49,0.670
45,66,0.607
45,67,0.802
46,47,0.741
46,48,0.625
46,49,0.626
46,50,0.662
46,52,0.674
46,53,0.663
46,55,0.755
46,77,-0.653
46,96,0.681
47,51,0.611
47,55,0.669
47,76,-0.613
47,96,0.688
47,98,0.600
48,49,0.630
48,50,0.607
48,51,0.688
48,96,0.620
49,51,0.820
50,54,0.605
50,77,-0.609
51,55,0.632
52,53,0.740
52,54,0.702
53,98,0.689
55,98,0.609
58,59,0.632
58,60,0.705
58,66,0.690
61,65,0.626
62,63,0.702
64,88,0.668
66,67,0.700
70,75,0.660
72,73,0.607
72,74,0.649
72,76,0.625
73,74,0.839
73,75,0.811
74,75,0.661
76,77,0.648
76,96,-0.670
77,96,-0.670
78,79,0.605
78,81,0.681
79,81,0.630
80,81,0.848
84,85,0.692
84,87,0.692
84,88,0.612
86,88,0.633
88,89,0.614
92,93,0.740
96,110,0.692
108,109,0.608
108,115,0.922
